luas_lahan_ha,curah_hujan_mm,pupuk_kg,hasil_panen_ton
3.42,289.6,188.7,18.63
0.8,115.8,221.2,7.22
2.26,204.3,260.8,15.18
2.83,122.7,328.7,15.41
4.78,94.2,171.6,19.9
2.21,259.4,67.1,14.54
0.75,172.0,163.4,8.9
3.68,153.2,117.6,16.09
1.62,215.3,189.9,13.67
0.51,196.5,79.1,7.62
3.98,228.6,290.8,21.5
4.81,207.7,227.5,23.12
2.99,110.3,140.6,13.37
5.93,101.0,317.9,25.3
3.74,281.3,302.8,20.44
1.36,106.3,106.4,9.35
1.24,242.6,309.5,13.61
4.81,187.8,310.6,22.0
5.46,236.3,300.9,25.13
5.98,195.2,175.8,25.68
1.18,112.9,152.4,7.38
1.7,114.6,88.4,10.05
4.76,187.8,68.8,20.65
4.31,163.7,196.5,19.01
4.66,261.3,63.9,23.94
0.84,141.5,150.2,9.63
2.74,218.6,271.4,17.03
4.68,216.2,317.1,22.07
1.77,118.7,186.2,9.24
4.78,272.6,131.2,22.91
5.72,250.9,290.1,26.35
3.52,281.7,228.1,18.64
4.51,114.5,146.2,21.17
2.96,270.0,115.1,15.78
5.91,184.5,82.1,25.85
1.9,141.7,337.7,11.05
4.15,255.2,346.7,22.56
2.8,272.4,250.0,19.81
1.28,240.2,125.5,8.81
4.86,202.6,211.0,22.88
3.61,164.3,314.5,19.87
5.73,169.4,291.5,26.62
0.94,270.8,220.5,13.02
1.53,224.0,159.7,12.67
5.89,196.5,218.8,23.61
2.77,203.3,194.8,15.48
5.48,164.9,81.9,24.94
3.44,278.2,163.9,19.29
3.14,140.6,312.8,16.89
1.01,126.5,114.6,10.08
5.62,170.4,84.3,24.92
3.25,143.2,282.6,15.92
4.72,109.6,282.2,19.27
2.18,211.8,93.2,13.52
3.97,248.2,216.4,18.76
3.56,204.7,321.1,18.79
0.98,242.9,277.7,9.87
5.48,186.2,134.0,25.43
3.85,192.3,348.1,21.62
1.13,210.8,294.4,12.52
2.17,95.3,347.7,11.94
1.23,111.7,199.5,8.21
3.42,265.3,302.4,21.01
2.34,186.1,145.9,14.41
5.26,249.5,328.8,26.65
4.04,101.0,218.7,16.55
4.31,112.3,186.9,18.99
1.45,243.7,235.5,11.13
1.23,265.5,318.3,11.5
0.64,147.0,244.5,7.2
5.16,147.4,149.2,23.46
5.41,99.4,166.1,20.98
5.87,164.7,321.6,26.48
3.62,204.5,272.6,20.24
4.12,150.0,234.9,19.23
4.89,259.7,348.5,24.64
1.53,129.3,345.7,9.87
4.26,208.0,147.0,20.63
3.64,257.6,245.8,20.99
3.01,265.8,268.3,18.05
1.26,176.2,349.9,11.81
1.49,154.7,313.7,12.03
5.96,98.4,293.9,26.88
5.9,129.8,71.7,24.37
2.46,256.0,198.7,16.36
2.04,191.6,191.3,13.57
3.72,186.7,202.7,17.93
2.07,212.8,207.9,15.57
2.5,129.2,254.5,13.15
2.89,206.5,277.6,17.28
2.96,250.7,129.1,16.67
4.26,102.1,213.7,19.82
4.06,282.9,312.2,22.01
2.18,140.4,183.4,12.58
0.9,120.6,290.0,9.66
3.27,167.9,111.9,15.83
5.65,200.9,51.7,25.33
1.59,173.7,254.4,12.08
1.83,151.3,119.6,12.36
1.08,152.2,172.3,10.75
3.81,123.3,279.2,19.75
2.73,264.8,338.7,15.95
2.99,124.4,244.4,15.58
3.22,115.7,54.9,14.78
0.73,233.0,115.4,11.5
0.8,211.8,202.5,12.41
1.14,270.9,194.9,14.29
3.43,184.2,250.1,18.7
4.04,269.5,87.8,18.72
1.38,257.8,193.7,13.5
1.99,150.3,330.0,13.31
0.96,152.1,164.9,7.82
2.04,209.4,252.3,15.62
1.25,140.5,304.7,12.84
5.18,215.5,317.0,24.15
2.67,285.2,67.8,15.92
4.68,282.1,129.9,22.45
5.34,157.4,252.7,20.73
0.63,113.8,295.1,8.46
3.39,247.0,189.3,16.55
5.82,220.0,327.4,26.96
5.0,252.7,58.5,23.23
1.63,179.8,227.3,13.93
1.15,259.8,291.1,12.8
2.54,114.5,246.0,13.88
4.92,192.9,126.6,21.95
0.95,174.2,216.8,10.79
1.07,159.5,114.3,4.64
1.95,215.8,90.8,13.03
1.78,187.6,131.8,12.26
5.12,268.5,82.2,22.16
2.37,249.9,296.6,17.29
5.96,153.5,337.9,27.3
4.3,223.9,248.7,19.45
2.94,90.1,127.8,13.45
0.65,144.3,127.9,6.95
1.62,176.0,300.6,12.23
5.63,208.2,202.8,22.46
4.59,134.6,180.1,19.53
4.59,275.3,332.4,24.19
1.6,104.8,159.4,9.04
0.59,160.3,170.2,7.74
3.52,123.3,241.4,17.03
3.36,228.9,332.1,18.7
3.27,119.1,100.0,13.24
2.46,112.7,116.1,12.59
5.41,202.4,169.7,24.85
3.19,128.7,340.7,18.35
2.75,247.3,96.1,16.82
2.69,234.8,166.3,14.35
2.44,180.3,68.4,13.67
5.0,151.3,224.3,20.44
0.79,186.8,266.1,9.59
4.76,91.4,67.0,20.41
5.99,276.6,81.4,25.18
0.54,181.2,216.2,7.27
3.24,105.7,67.1,13.13
0.93,266.9,90.5,8.58
1.84,226.0,164.4,13.8
3.25,267.2,94.6,14.63
5.84,121.9,343.3,25.12
4.75,244.4,120.8,23.3
4.0,128.6,253.4,18.02
2.2,234.9,182.9,16.25
2.09,183.5,340.3,16.44
5.27,211.3,51.2,22.1
0.56,124.9,84.8,7.43
2.45,142.3,308.5,16.68
4.03,216.3,320.4,23.42
4.12,264.3,176.6,20.98
3.43,155.0,52.9,15.71
3.05,189.1,216.3,17.14
3.44,168.7,199.7,16.87
5.37,247.2,282.1,25.15
4.51,274.8,306.8,23.1
1.29,152.5,333.0,11.58
5.23,237.2,253.9,27.09
4.49,228.0,171.4,21.74
2.09,113.3,104.0,10.11
5.04,225.5,155.2,24.43
4.65,195.8,80.4,20.37
1.44,186.2,124.7,11.53
1.55,236.0,59.1,10.47
5.89,244.1,279.7,27.79
4.06,271.4,164.3,20.43
4.88,191.4,249.6,22.96
2.39,218.4,341.9,14.71
1.28,280.7,191.9,13.2
0.91,116.2,288.0,10.49
4.2,170.4,269.7,19.91
2.85,264.4,283.6,17.39
5.55,193.5,187.4,26.08
3.51,153.1,306.5,14.52
5.34,255.3,310.8,28.83
1.84,165.2,279.8,13.74
3.3,147.9,94.8,15.93
1.98,215.3,235.2,13.5
4.6,155.0,240.5,22.53
1.12,106.4,147.3,8.38
4.24,238.7,271.7,21.55
4.07,269.6,74.0,20.68
5.83,199.1,149.1,24.95
1.4,141.7,212.7,10.26
3.38,264.2,242.8,18.15
0.56,204.8,309.6,8.66
3.59,218.8,289.7,17.12
2.34,235.8,330.1,15.17
4.87,227.3,135.3,21.68
4.34,215.3,125.8,20.48
4.67,180.4,95.2,20.79
2.53,181.8,254.9,15.56
1.36,164.9,155.1,9.17
1.85,145.5,136.4,12.32
2.85,91.1,268.7,15.9
2.63,95.9,256.0,14.63
1.77,208.2,224.5,10.82
2.66,123.8,165.1,14.13
1.72,177.3,185.1,8.81
1.2,185.7,91.4,8.78
2.29,219.4,264.6,15.49
0.61,203.0,151.1,8.17
4.8,210.8,305.8,23.08
2.82,196.5,302.2,15.62
5.95,137.8,206.7,24.8
2.29,142.4,342.6,15.21
1.02,222.8,205.6,10.93
1.08,225.2,55.0,9.64
5.18,158.7,92.4,21.28
2.04,118.7,320.7,12.03
4.03,188.7,323.3,21.15
2.42,198.9,282.1,14.79
5.61,196.0,349.1,26.32
3.5,248.9,154.7,16.89
2.2,205.3,135.2,13.42
3.34,274.7,306.4,18.82
4.1,127.5,277.8,20.83
4.33,208.3,54.8,19.5
4.52,140.8,61.7,19.14
5.82,137.1,145.0,23.93
4.84,245.8,304.0,24.14
3.96,92.3,133.2,18.35
2.51,119.1,223.8,14.62
2.5,231.7,349.8,16.49
5.86,233.9,207.6,23.71
1.17,139.7,305.2,12.75
2.11,188.9,188.2,14.15
2.21,215.6,106.4,14.12
1.79,171.0,90.0,12.99
3.79,220.4,202.9,19.13
5.1,146.4,295.8,20.15
5.5,242.2,288.4,25.04
1.12,126.4,84.3,7.01
3.39,151.9,161.7,17.12
2.9,226.3,68.2,16.15
1.4,154.4,251.7,9.72
1.46,240.3,70.7,12.08
5.01,255.8,111.0,23.39
4.56,230.7,59.3,22.08
0.57,258.0,233.1,9.65
1.79,209.0,103.1,11.23
